{"count":1,"self":71.33063039999999,"total":256.1185845,"children":{"InitializeActuators":{"count":12,"self":0.0025125,"total":0.0025125,"children":null},"InitializeSensors":{"count":12,"self":0.001522,"total":0.001522,"children":null},"AgentSendState":{"count":115867,"self":6.8787775999999994,"total":10.2085207,"children":{"CollectObservations":{"count":278088,"self":0.1904155,"total":0.1904155,"children":null},"WriteActionMask":{"count":278088,"self":0.21585259999999998,"total":0.21585259999999998,"children":null},"RequestDecision":{"count":278088,"self":0.6984883,"total":2.9234749,"children":{"AgentInfo.ToProto":{"count":278088,"self":0.61817939999999993,"total":2.2249866,"children":{"GenerateSensorData":{"count":278088,"self":1.2604826,"total":1.6068072,"children":{"RayPerceptionSensor.Perceive":{"count":278088,"self":0.3463246,"total":0.3463246,"children":null}}}}}}}}},"DecideAction":{"count":115867,"self":172.0768512,"total":172.07684989999998,"children":null},"AgentAct":{"count":115867,"self":2.4724732,"total":2.4724733,"children":null},"AgentInfo.ToProto":{"count":1548,"self":0.012035899999999999,"total":0.0250755,"children":{"GenerateSensorData":{"count":1548,"self":0.008591399999999999,"total":0.0130396,"children":{"RayPerceptionSensor.Perceive":{"count":1548,"self":0.0044481999999999994,"total":0.0044481999999999994,"children":null}}}}}},"gauges":{"My Behavior.CumulativeReward":{"count":1548,"max":1.89915943,"min":-11.6294813,"runningAverage":-1.28635228,"value":-1.417789,"weightedAverage":-2.22772169}},"metadata":{"timer_format_version":"0.1.0","start_time_seconds":"1758021352","unity_version":"6000.2.0f1","command_line_arguments":"C:\\Program Files\\Unity 6000.2.0f1\\Editor\\Unity.exe -projectpath C:\\Users\\janssnic\\AutonomAgenter\\Damsugaren -useHub -hubIPC -cloudEnvironment production","communication_protocol_version":"1.5.0","com.unity.ml-agents_version":"4.0.0","scene_name":"SampleScene","end_time_seconds":"1758021608"}}